0.0065696555717304	Bacteria	Proteobacteria	Gammaproteobacteria	Pseudomonadales_660879	Moraxellaceae	Acinetobacter	Acinetobacter bohemicus
0.0055501001630328	Bacteria	Proteobacteria	Alphaproteobacteria	Rhodobacterales	Rhodobacteraceae	Amaricoccus	Amaricoccus kaplicensis
0.0046169773809512	Bacteria	Proteobacteria	Gammaproteobacteria	Burkholderiales_592522	Burkholderiaceae_A_592522	Aquabacterium_B_592457	Aquabacterium_B_592457 olei
0.0057019619172053	Bacteria	Actinobacteriota	Actinomycetia	Mycobacteriales	Geodermatophilaceae	Blastococcus	Blastococcus aggregatus
0.0050175179811755	Bacteria	Proteobacteria	Alphaproteobacteria	Caulobacterales	Caulobacteraceae	Brevundimonas	Brevundimonas subvibrioides
0.005321403457498	Bacteria	Deinococcota	Deinococci	Deinococcales	Deinococcaceae	Deinococcus_B	Deinococcus_B aerius
0.0036993686619148	Bacteria	Proteobacteria	Gammaproteobacteria	Burkholderiales_592522	Burkholderiaceae_A_592522	Hylemonella_582308	Hylemonella sp001432305
0.0054648872656891	Bacteria	Bacteroidota	Bacteroidia	Cytophagales	Hymenobacteraceae	Hymenobacter_909957	Hymenobacter paludis
0.0051262242591414	Bacteria	Actinobacteriota	Acidimicrobiia_401430	Acidimicrobiales	Ilumatobacteraceae	Ilumatobacter_A	Ilumatobacter_A coccineus_A_400748
0.0105348561118451	Bacteria	Bacteroidota	Bacteroidia	Bacteroidales	Marinilabiliaceae	JC017	JC017 sp004296775
0.0053319064749918	Bacteria	Actinobacteriota	Actinomycetia	Actinomycetales	Micrococcaceae	Kocuria	Kocuria rosea
0.0041283548831253	Bacteria	Proteobacteria	Gammaproteobacteria	Burkholderiales_595423	Burkholderiaceae_A_595423	Limnobacter	Limnobacter litoralis
0.0072594938134177	Bacteria	Actinobacteriota	Actinomycetia	Sporichthyales	Sporichthyaceae	Longivirga	Longivirga aurantiaca
0.0070413326762964	Bacteria	Firmicutes_D	Bacilli	Staphylococcales	Staphylococcaceae	Mammaliicoccus_319276	Mammaliicoccus fleurettii
0.0063651880852034	Bacteria	Actinobacteriota	Thermoleophilia	Solirubrobacterales	Solirubrobacteraceae_405335	Patulibacter	Patulibacter minatonensis
0.0064986187449041	Bacteria	Proteobacteria	Gammaproteobacteria	Pseudomonadales_650611	Pseudomonadaceae	Pseudomonas_A	Pseudomonas_A kunmingensis
0.0060553138714338	Bacteria	Proteobacteria	Alphaproteobacteria	Rhodobacterales	Rhodobacteraceae	Rubellimicrobium	Rubellimicrobium aerolatum
0.0056976853547604	Bacteria	Cyanobacteria	Cyanobacteriia	Cyanobacteriales	Coleofasciculaceae_23353	SIO2C1	SIO2C1 sp010672925
0.0052031649520645	Bacteria	Bacteroidota	Bacteroidia	Cytophagales	Spirosomaceae	Spirosoma	Spirosoma arcticum
0.0058926841914181	Bacteria	Proteobacteria	Alphaproteobacteria	Micavibrionales	Micavibrionaceae	UBA1573	UBA1573 sp001767915
0.0030673002141897	Bacteria	Firmicutes_D	Bacilli	Aneurinibacillales	RAOX-1	YIM-78166	YIM-78166 sp004522215
0.0058525284997919	Bacteria	Patescibacteria	Saccharimonadia	Saccharimonadales	UBA1547	2011-GWC2-44-17	2011-GWC2-44-17 sp004145215
0.0047156964181365	Bacteria	Bacteroidota	Bacteroidia	Flavobacteriales_877923	Weeksellaceae	Chryseobacterium_796614	Chryseobacterium aquaticum
0.0059439833857835	Bacteria	Proteobacteria	Gammaproteobacteria	Xanthomonadales_616009	Xanthomonadaceae_616009	Lysobacter_A_615995	Lysobacter_A_615995 xinjiangensis
0.0055189803939474	Bacteria	Firmicutes_A	Clostridia_258483	TANB77	CAG-508	Merdicola	Merdicola sp900552655
0.0051126950456374	Bacteria	Actinobacteriota	Actinomycetia	Mycobacteriales	Nakamurellaceae	Nakamurella	Nakamurella flavida
0.0046519081584579	Bacteria	Proteobacteria	Gammaproteobacteria	Burkholderiales_597441	Nitrosomonadaceae	Nitrosomonas	Nitrosomonas sp008015595
0.005073375049087	Bacteria	Actinobacteriota	Actinomycetia	Propionibacteriales	Nocardioidaceae	Nocardioides_A_392796	Nocardioides_A_392796 furvisabuli
0.0052963265458259	Bacteria	Proteobacteria	Gammaproteobacteria	Burkholderiales_592524	Burkholderiaceae_A_574934	Noviherbaspirillum_A_568104	Noviherbaspirillum_A_568104 psychrotolerans
0.0046171090577317	Bacteria	Proteobacteria	Alphaproteobacteria	Caulobacterales	Caulobacteraceae	Phenylobacterium	Phenylobacterium kunshanense
0.0051617563838388	Bacteria	Proteobacteria	Gammaproteobacteria	Pseudomonadales_660879	Moraxellaceae	Psychrobacter	Psychrobacter maritimus
0.005855720302527	Bacteria	Actinobacteriota	Actinomycetia	Actinomycetales	Micrococcaceae	Rothia	Rothia sp001808955
0.0044166625617708	Bacteria	Proteobacteria	Alphaproteobacteria	Rhodobacterales	Rhodobacteraceae	Rubellimicrobium	Rubellimicrobium mesophilum
0.0047105478192815	Bacteria	Proteobacteria	Alphaproteobacteria	Azospirillales_507929	Azospirillaceae_507917	Skermanella	Skermanella aerolata
0.0046917457154234	Bacteria	Verrucomicrobiota	Verrucomicrobiae	Chthoniobacterales	Terrimicrobiaceae	Terrimicrobium	Terrimicrobium sacchariphilum
0.0029133480650799	Bacteria	Patescibacteria	JAEDAM01	BD1-5	UBA2023	UBA1545	UBA1545 sp002771035
0.004986606714683	Bacteria	Patescibacteria	Paceibacteria	UBA9983_A	UBA9973	UBA9973	UBA9973 sp000989515
0.0047254958954551	Bacteria	Proteobacteria	Alphaproteobacteria	Rhizobiales_A_504721	Hyphomicrobiaceae	AWTP1-13	AWTP1-13 sp008933705
0.0051563344568843	Bacteria	Patescibacteria	Saccharimonadia	Saccharimonadales	AWTP1-31	AWTP1-31	AWTP1-31 sp003962975
0.0050876780218998	Bacteria	Bacteroidota	Bacteroidia	Cytophagales	Hymenobacteraceae	Adhaeribacter	Adhaeribacter pallidiroseus
0.005821793874886	Bacteria	Actinobacteriota	Actinomycetia	Mycobacteriales	Mycobacteriaceae	Aldersonia	Aldersonia kunmingensis
0.0047994290864911	Bacteria	Cyanobacteria	Cyanobacteriia	Cyanobacteriales	Chroococcidiopsidaceae_29158	Aliterella	Aliterella sp000332075
0.0053752612590917	Bacteria	Firmicutes_A	Clostridia_258483	Tissierellales	Peptoniphilaceae	Anaerococcus	Anaerococcus octavius
0.0057864075186238	Bacteria	Proteobacteria	Alphaproteobacteria	Caulobacterales	Caulobacteraceae	Brevundimonas	Brevundimonas nasdae_A_487984
0.0045657964838123	Bacteria	Bacteroidota	Bacteroidia	Cytophagales	Cyclobacteriaceae_900466	Chryseolinea	Chryseolinea serpens
0.0046535326816818	Bacteria	Actinobacteriota	Actinomycetia	Mycobacteriales	Mycobacteriaceae	Corynebacterium	Corynebacterium propinquum
0.0048105685020173	Bacteria	Proteobacteria	Alphaproteobacteria	Acetobacterales	Acetobacteraceae	Craurococcus	Craurococcus roseus
0.0048191002607353	Bacteria	Proteobacteria	Alphaproteobacteria	Geminicoccales	Geminicoccaceae	HRBIN40	HRBIN40 sp002898275
0.0045741936445734	Bacteria	Firmicutes_A	Clostridia_258483	Oscillospirales	Ruminococcaceae	HUN007	HUN007 sp000712055
0.0048915053277923	Bacteria	Bacteroidota	Bacteroidia	Cytophagales	Hymenobacteraceae	Hymenobacter_909939	Hymenobacter koreensis
0.0042495981428236	Bacteria	Bacteroidota	Bacteroidia	Cytophagales	Hymenobacteraceae	Hymenobacter_910554	Hymenobacter ruber
0.0058539529920549	Bacteria	Proteobacteria	Gammaproteobacteria	Xanthomonadales_613062	Rhodanobacteraceae_613062	Luteibacter	Luteibacter rhizovicinus_B_612371
0.0047385230894329	Bacteria	Actinobacteriota	Actinomycetia	Mycobacteriales	Nakamurellaceae	Nakamurella	Nakamurella deserti
0.0060928871173774	Bacteria	Actinobacteriota	Actinomycetia	Propionibacteriales	Nocardioidaceae	Nocardioides_A_392796	Nocardioides_A_392796 halotolerans
0.0050960267875765	Bacteria	Proteobacteria	Gammaproteobacteria	Burkholderiales_592524	Burkholderiaceae_A_574934	Noviherbaspirillum_A_568104	Noviherbaspirillum_A_568104 suwonense
0.004596196813366	Bacteria	Patescibacteria	Saccharimonadia	Saccharimonadales	UBA4665	PMNU01	PMNU01 sp002952755
0.0043812140353166	Bacteria	Actinobacteriota	Thermoleophilia	Solirubrobacterales	Solirubrobacteraceae_405343	Palsa-513	Palsa-513 sp003138355
0.0049955788602613	Bacteria	Proteobacteria	Alphaproteobacteria	Rhizobiales_A_504705	Xanthobacteraceae_503485	Pseudorhodoplanes	Pseudorhodoplanes sinuspersici
0.0041106799816234	Bacteria	Planctomycetota	Planctomycetia	Isosphaerales	Isosphaeraceae	Singulisphaera	Singulisphaera rosea
0.0065334834467403	Bacteria	Proteobacteria	Gammaproteobacteria	Burkholderiales_592522	Burkholderiaceae_A_592522	Sphaerotilus	Sphaerotilus montanus
0.0039823468553311	Bacteria	Proteobacteria	Gammaproteobacteria	Burkholderiales_592522	Burkholderiaceae_A_592522	Tepidimonas	Tepidimonas fonticaldi
0.0053091250915824	Bacteria	Proteobacteria	Gammaproteobacteria	Burkholderiales_597432	Rhodocyclaceae	Tepidiphilus	Tepidiphilus succinatimandens
0.0026643746961994	Bacteria	Firmicutes_D	Bacilli	Thermicanales	Thermicanaceae	Thermicanus	Thermicanus aegyptius
0.0057299042011799	Bacteria	Proteobacteria	Gammaproteobacteria	Xanthomonadales_616009	Xanthomonadaceae_616009	Thermomonas_615664	Thermomonas carbonis
0.0056332580008137	Bacteria	Patescibacteria	Paceibacteria	2-02-FULL-40-12	GWA2-44-9	UBA12115	UBA12115 sp003514055
0.004488968650094	Bacteria	Proteobacteria	Gammaproteobacteria	Burkholderiales_597439	Usitatibacteraceae	Usitatibacter	Usitatibacter palustris
0.0040770689457868	Bacteria	Proteobacteria	Gammaproteobacteria	Burkholderiales_597437	Casimicrobiaceae	VBCG01	VBCG01 sp005881895
0.0061411945526823	Bacteria	Proteobacteria	Alphaproteobacteria	Rhizobiales_A_504705	Xanthobacteraceae_503485	Variibacter	Variibacter gotjawalensis
0.0055592374995718	Bacteria	Patescibacteria	Saccharimonadia	Saccharimonadales	UBA1547	2011-GWC2-44-17	2011-GWC2-44-17 sp001790515
0.0041996459228814	Bacteria	Firmicutes_A	Clostridia_258483	Lachnospirales	Lachnospiraceae	Agathobacter_164117	Agathobacter rectalis
0.0039874035980368	Bacteria	Proteobacteria	Gammaproteobacteria	Burkholderiales_592522	Burkholderiaceae_A_592522	Aquabacterium_B_592457	Aquabacterium_B_592457 parvum
0.0062595936689469	Bacteria	Firmicutes_D	Bacilli	Bacillales_B_302584	DSM-18226_301387	Bacillus_Z	Bacillus_Z infernus
0.004079441975684	Bacteria	Patescibacteria	Paceibacteria	UBA9983_A	Zambryskibacteraceae_A	C7867-006	C7867-006 sp009694965
0.0054646543292244	Bacteria	Deinococcota	Deinococci	Deinococcales	Deinococcaceae	Deinococcus_B	Deinococcus_B aetherius
0.0062305089768866	Bacteria	Patescibacteria	Paceibacteria	UBA9983_A	SBAW01	GWA1-54-10	GWA1-54-10 sp007375995
0.004710303664246	Bacteria	Actinobacteriota	Actinomycetia	Actinomycetales	Microbacteriaceae	Humibacter_381561	Humibacter albus
0.0058805288326077	Bacteria	Bacteroidota	Bacteroidia	Cytophagales	Spirosomaceae	Lacihabitans	Lacihabitans soyangensis
0.0047563760687628	Bacteria	Actinobacteriota	Actinomycetia	Actinomycetales	Dermatophilaceae_390796	Leekyejoonella	Leekyejoonella antrihumi
0.0053331730036581	Bacteria	Proteobacteria	Gammaproteobacteria	Burkholderiales_597441	Methylophilaceae	Methylotenera_A_557105	Methylotenera_A_557105 versatilis_B
0.0050909801487344	Bacteria	Bacteroidota	Bacteroidia	Sphingobacteriales	Sphingobacteriaceae	Pedobacter_881389	Pedobacter xinjiangensis
0.0055965303952893	Bacteria	Actinobacteriota	Actinomycetia	Mycobacteriales	Pseudonocardiaceae	Pseudonocardia	Pseudonocardia seranimata
0.0053249441355349	Bacteria	Patescibacteria	Paceibacteria	UBA9983_A	Zambryskibacteraceae_A	SICJ01	SICJ01 sp009691505
0.0059017738728986	Bacteria	Planctomycetota	Planctomycetia	Isosphaerales	Isosphaeraceae	Singulisphaera	Singulisphaera acidiphila
0.0046395050880378	Bacteria	Actinobacteriota	Actinomycetia	Actinomycetales	Brevibacteriaceae	Spelaeicoccus	Spelaeicoccus albus
0.0053159791603912	Bacteria	Patescibacteria	Saccharimonadia	Saccharimonadales	UBA1020	UBA1020	UBA1020 sp002348615
0.0056399978055537	Bacteria	Campylobacterota	Campylobacteria	Campylobacterales	Arcobacteraceae	Aliarcobacter	Aliarcobacter cryaerophilus
0.0051289676845903	Bacteria	Deinococcota	Deinococci	Deinococcales	Deinococcaceae	Deinococcus_B	Deinococcus_B yunweiensis
0.0055641545979084	Bacteria	Bacteroidota	Bacteroidia	Flavobacteriales_877923	Flavobacteriaceae	Flavobacterium	Flavobacterium tiangeerense
0.0057625077946165	Bacteria	Patescibacteria	Saccharimonadia	Saccharimonadales	UBA4665	GCA-2746885	GCA-2746885 sp002746885
0.0058653976876977	Bacteria	Proteobacteria	Alphaproteobacteria	Rhizobiales_A_504721	Hyphomicrobiaceae	Hyphomicrobium_A	Hyphomicrobium_A denitrificans_496618
0.0039560739080562	Bacteria	Firmicutes_A	Clostridia_258483	Oscillospirales	Oscillospiraceae_88309	Limivicinus	Limivicinus sp002320035
0.005431334035849	Bacteria	Bacteroidota	Bacteroidia	Sphingobacteriales	Sphingobacteriaceae	Pedobacter_887417	Pedobacter hartonius
0.0058252037565402	Bacteria	Bacteroidota	Bacteroidia	Bacteroidales	Bacteroidaceae	Prevotella	Prevotella copri
0.0046202170107159	Bacteria	Proteobacteria	Gammaproteobacteria	Pseudomonadales_650611	Pseudomonadaceae	Pseudomonas_E_647464	Pseudomonas_E_647464 bubulae
0.0052034127409263	Bacteria	Proteobacteria	Gammaproteobacteria	Burkholderiales_592522	Burkholderiaceae_A_592522	Rhodoferax_A_585629	Rhodoferax_A_585629 ferrireducens
0.0059054267411718	Bacteria	Verrucomicrobiota	Verrucomicrobiae	Chthoniobacterales	Xiphinematobacteraceae	Xiphinematobacter	Xiphinematobacter sp001318295
0.0038036434056775	Bacteria	Actinobacteriota	Actinomycetia	Actinomycetales	Bifidobacteriaceae	Bifidobacterium_388775	Bifidobacterium adolescentis
0.0052843305284419	Bacteria	Firmicutes_A	Clostridia_258483	Clostridiales	Clostridiaceae_222000	Clostridium_T	Clostridium_T chromiireducens
0.0012159639357078	Bacteria	Patescibacteria	Paceibacteria	UBA9983_A	SBAW01	GWA1-54-10	GWA1-54-10 sp009691465
0.0030539433927767	Bacteria	Patescibacteria	Paceibacteria	UBA9983_A	UBA9973	UBA9973	UBA9973 sp001787205
0.0041860212117011	Bacteria	Proteobacteria	Gammaproteobacteria	Burkholderiales_595422	Burkholderiaceae_A_595422	Achromobacter	Achromobacter denitrificans_593100
0.0050205852241682	Bacteria	Proteobacteria	Gammaproteobacteria	Pseudomonadales_660879	Moraxellaceae	Acinetobacter	Acinetobacter junii
0.0038370053093902	Bacteria	Proteobacteria	Gammaproteobacteria	Pseudomonadales_660879	Moraxellaceae	Agitococcus	Agitococcus lubricus
0.0039396140437164	Bacteria	Firmicutes_A	Clostridia_258483	Oscillospirales	Oscillospiraceae_88309	Faecousia	Faecousia sp000434635
0.0055469313416834	Bacteria	Bacteroidota	Bacteroidia	Flavobacteriales_877923	Flavobacteriaceae	Flavobacterium	Flavobacterium aquatile
0.0038620468854976	Bacteria	Actinobacteriota	Actinomycetia	Propionibacteriales	Nocardioidaceae	Nocardioides_A_392796	Nocardioides_A_392796 sp001426745
0.0040998041863824	Bacteria	Proteobacteria	Alphaproteobacteria	Rhizobiales_A_504723	Aestuariivirgaceae	Nordella	Nordella sp011046735
0.0043392965507749	Bacteria	Proteobacteria	Alphaproteobacteria	Acetobacterales	Acetobacteraceae	Paracraurococcus_506929	Paracraurococcus ruber_A
0.0047754931385397	Bacteria	Bdellovibrionota_E	Bacteriovoracia	Bacteriovoracales	Peredibacteraceae	Peredibacter	Peredibacter starrii
0.0049284904100035	Bacteria	Proteobacteria	Alphaproteobacteria	Acetobacterales	Acetobacteraceae	Roseococcus	Roseococcus flocculans
0.0050246850765521	Bacteria	Patescibacteria	Saccharimonadia	Saccharimonadales	SZUA-47	SZUA-47	SZUA-47 sp003231925
0.0052833998119256	Bacteria	Patescibacteria	Saccharimonadia	Saccharimonadales	Saccharimonadaceae	Saccharimonas	Saccharimonas aalborgensis
0.0049177541955768	Bacteria	Proteobacteria	Alphaproteobacteria	ATCC43930_507931	Stellaceae_507931	URHD0088	URHD0088 sp000518365
0.0058781395441672	Bacteria	Proteobacteria	Alphaproteobacteria	Rhizobiales_A_502138	Devosiaceae	Devosia_A_501803	Devosia_A_501803 humi
0.0062436942295858	Bacteria	Acidobacteriota	Acidobacteriae	Acidobacteriales	Acidobacteriaceae	Edaphobacter_415872	Edaphobacter dinghuensis
0.0048559788346974	Bacteria	Myxococcota_A_473307	Polyangia_463783	Haliangiales_463188	Haliangiaceae_463188	Haliangium_463188	Haliangium ochraceum
0.0044921419717134	Bacteria	Proteobacteria	Gammaproteobacteria	Pseudomonadales_641031	Halomonadaceae_641031	Marinospirillum	Marinospirillum minutulum
0.0059998446819069	Bacteria	Actinobacteriota	Actinomycetia	Mycobacteriales	Nakamurellaceae	Nakamurella	Nakamurella flava
0.005185097003551	Bacteria	Proteobacteria	Gammaproteobacteria	Pseudomonadales_660879	Moraxellaceae	Psychrobacter	Psychrobacter faecalis
0.005208886549241	Bacteria	Bacteroidota	Bacteroidia	AKYH767	B-17BO	UBA2475	UBA2475 sp002319075
0.0048303216468802	Bacteria	Proteobacteria	Gammaproteobacteria	Pseudomonadales_660879	Moraxellaceae	Acinetobacter	Acinetobacter johnsonii
0.0062133977067205	Bacteria	Proteobacteria	Gammaproteobacteria	Diplorickettsiales	Diplorickettsiaceae	Aquirickettsiella	Aquirickettsiella isopodorum
0.0043673220203341	Bacteria	Firmicutes_D	Bacilli	Brevibacillales	Brevibacillaceae	Brevibacillus_D	Brevibacillus_D borstelensis
0.0051109097828357	Bacteria	Cyanobacteria	Cyanobacteriia	Cyanobacteriales	Chroococcidiopsidaceae_29158	Chroococcidiopsis_29153	Chroococcidiopsis thermalis
0.0049499176339862	Bacteria	Firmicutes_A	Clostridia_258483	Lachnospirales	Lachnospiraceae	Coprococcus_A_121497	Coprococcus_A_121497 sp000154245
0.0050591308768402	Bacteria	Firmicutes_A	Clostridia_258483	Lachnospirales	Lachnospiraceae	Coprococcus_A_187866	Coprococcus_A_187866 catus
0.0054288812409683	Bacteria	Planctomycetota	Planctomycetia	Isosphaerales	Isosphaeraceae	Paludisphaera	Paludisphaera sp001610895
0.0057604141501236	Bacteria	Proteobacteria	Gammaproteobacteria	Xanthomonadales_613062	Rhodanobacteraceae_613062	Rhodanobacter_613036	Rhodanobacter glycinis
0.0053456233137265	Bacteria	Firmicutes_A	Clostridia_258483	Oscillospirales	Acutalibacteraceae	Ruminococcus_E	Ruminococcus_E sp003438075
0.0052449467173349	Bacteria	Proteobacteria	Alphaproteobacteria	Sphingomonadales	Sphingomonadaceae	Sphingobium_A_485959	Sphingobium_A_485959 limneticum
0.0054997603163932	Bacteria	Patescibacteria	Paceibacteria	Moranbacterales	UBA1568	UBA1568	UBA1568 sp002782305
0.0055442961448621	Bacteria	Proteobacteria	Alphaproteobacteria	Rhizobiales_A_502138	Devosiaceae	Devosia_A_502124	Devosia_A_502124 submarina
0.0044722067110599	Bacteria	Proteobacteria	Alphaproteobacteria	Rhizobiales_A_504705	Beijerinckiaceae	Methylobacterium	Methylobacterium sp001424705
0.0050303796786699	Bacteria	Proteobacteria	Gammaproteobacteria	Nevskiales	Nevskiaceae	Nevskia_608436	Nevskia lacus
0.0049747317792617	Bacteria	Gemmatimonadota	Gemmatimonadetes	Gemmatimonadales	Gemmatimonadaceae	Roseisolibacter	Roseisolibacter agri
0.0052418938220615	Bacteria	Proteobacteria	Alphaproteobacteria	Acetobacterales	Acetobacteraceae	Roseomonas_A_507112	Roseomonas_A_507112 nepalensis
0.0047441509035935	Bacteria	Proteobacteria	Gammaproteobacteria	Pseudomonadales_660879	Moraxellaceae	Acinetobacter	Acinetobacter albensis
0.0050893163898409	Bacteria	Actinobacteriota	Acidimicrobiia_401430	Acidimicrobiales	Ilumatobacteraceae	F1-60-MAGs027	F1-60-MAGs027 sp009927665
0.004658161373686	Bacteria	Proteobacteria	Alphaproteobacteria	Rhizobiales_A_501396	Rhizobiaceae_A_499470	Mesorhizobium_F_498388	Mesorhizobium_F_498388 qingshengii
0.0062196559258931	Bacteria	Bacteroidota	Bacteroidia	Sphingobacteriales	Sphingobacteriaceae	Pedobacter_881387	Pedobacter mongoliensis
0.0062659558360261	Bacteria	Patescibacteria	Paceibacteria	UBA6257	Brennerbacteraceae	UBA10122	UBA10122 sp001001185
0.0054580915720403	Bacteria	Firmicutes_D	Bacilli	Lactobacillales	Carnobacteriaceae	Alkalibacterium	Alkalibacterium iburiense
0.0044110833362764	Bacteria	Deinococcota	Deinococci	Deinococcales	Deinococcaceae	Deinococcus_B	Deinococcus_B aerolatus
0.0052576788241901	Bacteria	Bacteroidota	Bacteroidia	Flavobacteriales_877923	Weeksellaceae	Faecalibacter	Faecalibacter macacae
0.0038298897219021	Bacteria	Bacteroidota	Bacteroidia	Chitinophagales	Chitinophagaceae_966727	Parasegetibacter	Parasegetibacter luojiensis
0.0053680943599644	Bacteria	Bacteroidota	Bacteroidia	Sphingobacteriales	Sphingobacteriaceae	Pedobacter_887417	Pedobacter nototheniae
0.0060806376932738	Bacteria	Proteobacteria	Alphaproteobacteria	Rhodobacterales	Rhodobacteraceae	Rubellimicrobium	Rubellimicrobium rubrum
0.005053778005805	Bacteria	Proteobacteria	Gammaproteobacteria	DSM-16500	DSM-16500	SCGC-AG-212-F23	SCGC-AG-212-F23 sp001644445
0.0055999325344899	Bacteria	Patescibacteria	ABY1	SG8-24	2-12-FULL-60-25	SZUA-46	SZUA-46 sp003231955
0.0043398170338497	Bacteria	Proteobacteria	Gammaproteobacteria	Nevskiales	Nevskiaceae	Solimonas_A_608421	Solimonas_A_608421 fluminis
0.0056673814597161	Bacteria	Patescibacteria	Paceibacteria	UBA9983_A	UBA9973	UBA8515	UBA8515 sp000991405
0.0049241006967218	Bacteria	Bacteroidota	Bacteroidia	Chitinophagales	Chitinophagaceae_966727	Arachidicoccus	Arachidicoccus ginsenosidivorans
0.0043356876750065	Bacteria	Proteobacteria	Gammaproteobacteria	Xanthomonadales_613062	Rhodanobacteraceae_613062	Dyella_A_613046	Dyella_A thiooxydans
0.0046375942165265	Bacteria	Actinobacteriota	Actinomycetia	Mycobacteriales	Mycobacteriaceae	Jongsikchunia	Jongsikchunia kroppenstedtii
0.004366346521614	Bacteria	Proteobacteria	Gammaproteobacteria	Xanthomonadales_616009	Xanthomonadaceae_616009	Luteimonas_B_615714	Luteimonas_B_615714 lumbrici
0.0047491341813536	Bacteria	Proteobacteria	Alphaproteobacteria	Caulobacterales	Caulobacteraceae	Asticcacaulis	Asticcacaulis benevestitus
0.0051313764116833	Bacteria	Proteobacteria	Gammaproteobacteria	Burkholderiales_592524	Burkholderiaceae_A_574758	Massilia	Massilia aurea
0.0051246389522482	Bacteria	Proteobacteria	Gammaproteobacteria	Xanthomonadales_616009	Xanthomonadaceae_616009	Pseudoxanthomonas_A_615337	Pseudoxanthomonas_A_615337 mexicana_A
0.0050071000354839	Bacteria	Firmicutes_A	Clostridia_258483	Lachnospirales	Lachnospiraceae	Blautia_A_141781	Blautia_A_141781 faecis
0.0048772165472549	Bacteria	Firmicutes_A	Clostridia_258483	Saccharofermentanales	Saccharofermentanaceae	Ercella	Ercella succinigenes
0.0036694734299439	Bacteria	Bacteroidota	Bacteroidia	Flavobacteriales_877923	Flavobacteriaceae	Flavobacterium	Flavobacterium dankookense
0.0058298705151263	Bacteria	Proteobacteria	Gammaproteobacteria	Legionellales_A	Legionellaceae_A	Legionella_D	Legionella_D drancourtii
0.0013359755228713	Bacteria	Chloroflexota	Anaerolineae	CG2-30-64-16	CG2-30-64-16	MWBF01	MWBF01 sp002068935
0.0059384702541113	Bacteria	Proteobacteria	Alphaproteobacteria	Rhizobiales_A_504705	Beijerinckiaceae	Methylobacterium	Methylobacterium soli
0.0058672592756623	Bacteria	Proteobacteria	Gammaproteobacteria	Xanthomonadales_616009	Xanthomonadaceae_616009	Thermomonas_615667	Thermomonas lycopersici
0.0061640661051532	Bacteria	Actinobacteriota	Actinomycetia	Mycobacteriales	Mycobacteriaceae	Williamsia_B	Williamsia_B muralis
0.0057629632835663	Bacteria	Actinobacteriota	Acidimicrobiia_401430	Acidimicrobiales	Acidimicrobiaceae_401171	Acidiferrimicrobium	Acidiferrimicrobium australe
0.00458756194122	Bacteria	Firmicutes_A	Clostridia_258483	Lachnospirales	Lachnospiraceae	Dorea_A	Dorea_A formicigenerans
0.0046614359700066	Bacteria	Actinobacteriota	Actinomycetia	Mycobacteriales	Geodermatophilaceae	Geodermatophilus_A	Geodermatophilus_A endophyticus
0.0056897790633031	Bacteria	Actinobacteriota	Actinomycetia	Mycobacteriales	Jatrophihabitantaceae	Jatrophihabitans_372606	Jatrophihabitans endophyticus
0.0054575649087134	Bacteria	Proteobacteria	Alphaproteobacteria	Acetobacterales	Acetobacteraceae	Roseomonas_A_507136	Roseomonas aquatica
0.0061859998411627	Bacteria	Verrucomicrobiota	Verrucomicrobiae	Verrucomicrobiales	Verrucomicrobiaceae	VFKE01	VFKE01 sp009885695
0.0042802439851212	Bacteria	Proteobacteria	Gammaproteobacteria	Burkholderiales_597631	UBA11063	UBA11063	UBA11063 sp002892535
0.0062997940296061	Bacteria	Bacteroidota	Bacteroidia	Flavobacteriales_877923	Flavobacteriaceae	Flavobacterium	Flavobacterium lacicola
0.0061367774997917	Bacteria	Proteobacteria	Gammaproteobacteria	Xanthomonadales_616009	Xanthomonadaceae_616009	Lysobacter_A_615995	Lysobacter_A_615995 prati
0.0055704892585509	Bacteria	Actinobacteriota	Actinomycetia	Propionibacteriales	Nocardioidaceae	Nocardioides_A_392796	Nocardioides_A_392796 sp000364605
0.0045172043284126	Bacteria	Proteobacteria	Gammaproteobacteria	Burkholderiales_592524	Burkholderiaceae_A_574758	Pseudoduganella	Pseudoduganella dura
0.0056753120353067	Bacteria	Proteobacteria	Gammaproteobacteria	Pseudomonadales_650611	Pseudomonadaceae	Pseudomonas_F	Pseudomonas_F furukawaii
0.0059425138356779	Bacteria	Proteobacteria	Gammaproteobacteria	Xanthomonadales_613062	Rhodanobacteraceae_613062	Rhodanobacter_612715	Rhodanobacter umsongensis
0.003962221357989	Bacteria	Bdellovibrionota_E	Bdellovibrionia_A_470743	UBA1018	UBA1018	GWA1-52-35	GWA1-52-35 sp001769805
0.0052837548724718	Bacteria	Proteobacteria	Gammaproteobacteria	Burkholderiales_592524	Burkholderiaceae_A_574934	Noviherbaspirillum_A_569121	Noviherbaspirillum_A_569121 malthae
0.0051648369842606	Bacteria	Proteobacteria	Alphaproteobacteria	Rhizobiales_A_504705	Beijerinckiaceae	Roseiarcus	Roseiarcus fermentans
0.0063454934470427	Bacteria	Proteobacteria	Alphaproteobacteria	Rhizobiales_A_501059	Rhizobiaceae_A_501059	Shinella	Shinella fusca
0.0056086696816747	Bacteria	Proteobacteria	Alphaproteobacteria	Sphingomonadales	Sphingomonadaceae	Sphingomicrobium_483265	Sphingomicrobium kaistense
0.0045738326922053	Bacteria	Proteobacteria	Gammaproteobacteria	Burkholderiales_595422	Burkholderiaceae_A_595422	Candidimonas_A_594600	Candidimonas_A_594600 nitroreducens
0.0043074619228257	Bacteria	Actinobacteriota	Actinomycetia	Propionibacteriales	Nocardioidaceae	Nocardioides_A_392796	Nocardioides_A_392796 ultimimeridianus
0.0049632011940672	Bacteria	Actinobacteriota	Actinomycetia	Mycobacteriales	Pseudonocardiaceae	Pseudonocardia	Pseudonocardia hydrocarbonoxydans
0.0053326468425409	Bacteria	Proteobacteria	Gammaproteobacteria	Pseudomonadales_650612	Cellvibrionaceae	Cellvibrio	Cellvibrio gandavensis
0.0052185143803965	Bacteria	Actinobacteriota	Thermoleophilia	Gaiellales	Gaiellaceae	AC-16	AC-16 sp005884575
0.0061439335603473	Bacteria	Gemmatimonadota	Gemmatimonadetes	Gemmatimonadales	Gemmatimonadaceae	SCN-70-22	SCN-70-22 sp001724275
0.00492444019215	Bacteria	Chloroflexota	Anaerolineae	Anaerolineales	Anaerolineaceae_409200	UBA4782	UBA4782 sp002403095
0.004143986270282	Bacteria	Actinobacteriota	Actinomycetia	Propionibacteriales	Nocardioidaceae	Nocardioides_A_392796	Nocardioides_A_392796 allogilvus
0.0068849376816888	Bacteria	Proteobacteria	Alphaproteobacteria	Acetobacterales	Acetobacteraceae	Gluconobacter_A_506064	Gluconobacter_A_506064 cerinus
0.0056244910264975	Bacteria	Proteobacteria	Gammaproteobacteria	Enterobacterales_A_737866	Enterobacteriaceae_A	Hafnia	Hafnia proteus
0.0060533380681678	Bacteria	Firmicutes_D	Bacilli	Lactobacillales	Streptococcaceae	Lactococcus_A_346120	Lactococcus_A_346120 cremoris
