0.0030749880568509	Bacteria	Proteobacteria	Gammaproteobacteria	Burkholderiales_595422	Burkholderiaceae_A_595422	Achromobacter	Achromobacter denitrificans_593100
0.0028037521200243	Bacteria	Proteobacteria	Gammaproteobacteria	Pseudomonadales_660879	Moraxellaceae	Acinetobacter	Acinetobacter bereziniae
0.0008651255934651	Bacteria	Proteobacteria	Gammaproteobacteria	Pseudomonadales_660879	Moraxellaceae	Acinetobacter	Acinetobacter gerneri
0.0028745422888353	Bacteria	Planctomycetota	Planctomycetia	Planctomycetales	Planctomycetaceae	Caulifigura	Caulifigura coniformis
0.0007191800696221	Bacteria	Bacteroidota	Bacteroidia	Flavobacteriales_877923	Weeksellaceae	Chryseobacterium_796614	Chryseobacterium culicis
0.0027317656758805	Bacteria	Bacteroidota	Bacteroidia	Chitinophagales	Chitinophagaceae_929731	Edaphocola	Edaphocola sp003852495
0.0020525839401065	Bacteria	Bacteroidota	Bacteroidia	Flavobacteriales_877923	Weeksellaceae	Empedobacter_790305	Empedobacter tilapiae
0.0024504139774838	Bacteria	Bacteroidota	Bacteroidia	Flavobacteriales_877923	Flavobacteriaceae	Flavobacterium	Flavobacterium album_A_818019
0.0039424392161426	Bacteria	Bacteroidota	Bacteroidia	Flavobacteriales_877923	Flavobacteriaceae	Flavobacterium	Flavobacterium ginsengisoli
0.0017401690510196	Bacteria	Bacteroidota	Bacteroidia	Flavobacteriales_877923	Flavobacteriaceae	Flavobacterium	Flavobacterium naphthae
0.0029751472061715	Bacteria	Patescibacteria	Paceibacteria	UBA9983_A	SBAW01	GWA1-54-10	GWA1-54-10 sp007375995
0.0035561853617617	Bacteria	Proteobacteria	Gammaproteobacteria	Burkholderiales_592522	Burkholderiaceae_A_592522	Hydrogenophaga_590395	Hydrogenophaga intermedia
0.0015346966166438	Bacteria	Bacteroidota	Bacteroidia	Flavobacteriales_877923	Flavobacteriaceae	Flavobacterium	Myroides aquimaris
0.0034904479707351	Bacteria	Proteobacteria	Alphaproteobacteria	Rhizobiales_A_501396	Rhizobiaceae_A_499470	Ochrobactrum_A_499024	Ochrobactrum_A_499024 pseudogrignonensis
0.002591227889817	Bacteria	Bacteroidota	Bacteroidia	Sphingobacteriales	Sphingobacteriaceae	Olivibacter_887593	Olivibacter ginsengisoli
0.004672271341595	Bacteria	Bacteroidota	Bacteroidia	Sphingobacteriales	Sphingobacteriaceae	Pedobacter_887417	Pedobacter ureilyticus
0.0026347663503374	Bacteria	Bacteroidota	Bacteroidia	Sphingobacteriales	Sphingobacteriaceae	Sphingobacterium	Sphingobacterium mucilaginosum
0.0022749598664667	Bacteria	Planctomycetota	Phycisphaerae	Phycisphaerales	UBA1924	UBA6054	UBA6054 sp003696675
0.0077778622704468	Bacteria	Proteobacteria	Alphaproteobacteria	Rickettsiales	Anaplasmataceae	Wolbachia	Wolbachia sp000829315
0.0060962932808418	Bacteria	Proteobacteria	Alphaproteobacteria	Rickettsiales	Anaplasmataceae	Wolbachia	Wolbachia sp003516275
0.0040857630472901	Bacteria	Proteobacteria	Gammaproteobacteria	Burkholderiales_592522	Burkholderiaceae_A_592522	Diaphorobacter_A_589305	Diaphorobacter_A_589305 aerolatus
0.0034953555460581	Bacteria	Actinobacteriota	Acidimicrobiia_401430	Acidimicrobiales	JACDCH01	VFJN01	VFJN01 sp009694375
0.003758168594093	Bacteria	Bacteroidota	Bacteroidia	Flavobacteriales_877923	Weeksellaceae	Elizabethkingia	Elizabethkingia meningoseptica
0.0023152412866839	Bacteria	Proteobacteria	Gammaproteobacteria	Pseudomonadales_660879	Moraxellaceae	Acinetobacter	Acinetobacter seifertii
0.004159135247987	Bacteria	Proteobacteria	Gammaproteobacteria	Pseudomonadales_660879	Moraxellaceae	Acinetobacter	Acinetobacter sp000632455
0.0039860593268441	Bacteria	Bacteroidota	Bacteroidia	Flavobacteriales_877923	Weeksellaceae	Chryseobacterium_796614	Chryseobacterium wanjuense
0.0028313838421985	Bacteria	Bacteroidota	Bacteroidia	Flavobacteriales_877923	Flavobacteriaceae	Flavobacterium	Flavobacterium dispersum
0.0040323492353345	Bacteria	Bacteroidota	Bacteroidia	Flavobacteriales_877923	Flavobacteriaceae	Flavobacterium	Flavobacterium ummariense
0.0034427945037128	Bacteria	Proteobacteria	Gammaproteobacteria	Xanthomonadales_616009	Xanthomonadaceae_616009	Pseudoxanthomonas_A_615337	Pseudoxanthomonas_A_615337 mexicana
0.0034444272208693	Bacteria	Bdellovibrionota_E	Bdellovibrionia_A_473294	Bdellovibrionales	Bdellovibrionaceae	Bdellovibrio	Bdellovibrio bacteriovorus_E
0.0031187185001377	Bacteria	Proteobacteria	Gammaproteobacteria	Burkholderiales_592522	Burkholderiaceae_A_592522	Comamonas_F_589250	Comamonas_F_589250 tsuruhatensis
0.0044087809319539	Bacteria	Patescibacteria	Saccharimonadia	Saccharimonadales	UBA1547	2011-GWC2-44-17	2011-GWC2-44-17 sp001790515
0.0045390230607831	Bacteria	Proteobacteria	Gammaproteobacteria	Pseudomonadales_660879	Moraxellaceae	Acinetobacter	Acinetobacter cumulans
0.0045536438484468	Bacteria	Proteobacteria	Alphaproteobacteria	Caulobacterales	Caulobacteraceae	Brevundimonas	Brevundimonas diminuta
0.0039857620647897	Bacteria	Proteobacteria	Alphaproteobacteria	Caulobacterales	Caulobacteraceae	Brevundimonas	Brevundimonas terrae
0.0046534904142235	Bacteria	Bacteroidota	Bacteroidia	Flavobacteriales_877923	Weeksellaceae	Empedobacter_790330	Empedobacter brevis
0.0047756516069826	Bacteria	Bacteroidota	Bacteroidia	Flavobacteriales_877923	Weeksellaceae	Empedobacter_790298	Empedobacter stercoris
0.0038301576028534	Bacteria	Bacteroidota	Bacteroidia	Flavobacteriales_877923	Flavobacteriaceae	Flavobacterium	Flavobacterium tangerinum
0.0045633466047912	Bacteria	Bacteroidota	Bacteroidia	Flavobacteriales_877923	Flavobacteriaceae	Flavobacterium	Myroides anatoliensis
0.0044560861564252	Bacteria	Proteobacteria	Alphaproteobacteria	Rhodobacterales	Rhodobacteraceae	Paracoccus	Paracoccus sulfuroxidans
0.0043011039427205	Bacteria	Bacteroidota	Bacteroidia	Sphingobacteriales	Sphingobacteriaceae	Sphingobacterium	Sphingobacterium cellulitidis
0.0042683577753564	Bacteria	Bacteroidota	Bacteroidia	Sphingobacteriales	Sphingobacteriaceae	Sphingobacterium	Sphingobacterium changzhouense
0.0045718253805331	Bacteria	Bacteroidota	Bacteroidia	Sphingobacteriales	Sphingobacteriaceae	Sphingobacterium	Sphingobacterium endophyticum
0.0039508594093159	Bacteria	Bacteroidota	Bacteroidia	Sphingobacteriales	Sphingobacteriaceae	Sphingobacterium	Sphingobacterium hotanense
0.0036076455993534	Bacteria	Bacteroidota	Bacteroidia	Sphingobacteriales	Sphingobacteriaceae	Sphingobacterium	Sphingobacterium kyonggiense
0.0047553923245342	Bacteria	Bacteroidota	Bacteroidia	Sphingobacteriales	Sphingobacteriaceae	Sphingobacterium	Sphingobacterium lactis
0.0044063696409668	Bacteria	Bacteroidota	Bacteroidia	Sphingobacteriales	Sphingobacteriaceae	Sphingobacterium	Sphingobacterium mizutaii
0.0038146582385625	Bacteria	Bacteroidota	Bacteroidia	Sphingobacteriales	Sphingobacteriaceae	Sphingobacterium	Sphingobacterium nematocida
0.0041873493644655	Bacteria	Proteobacteria	Gammaproteobacteria	Xanthomonadales_616009	Xanthomonadaceae_616009	Stenotrophomonas_A_615274	Stenotrophomonas_A_615274 ginsengisoli
0.0040085591996426	Bacteria	Proteobacteria	Gammaproteobacteria	Xanthomonadales_616009	Xanthomonadaceae_616009	Stenotrophomonas_A_615274	Stenotrophomonas_A_615274 nitritireducens_A_614483
0.0044191730441889	Bacteria	Proteobacteria	Gammaproteobacteria	Burkholderiales_597441	Neisseriaceae_563222	Vitreoscilla	Vitreoscilla massiliensis
0.0044181103891049	Bacteria	Proteobacteria	Gammaproteobacteria	Burkholderiales_592522	Burkholderiaceae_A_592522	Comamonas_F_589250	Comamonas_F_589250 odontotermitis
0.0045835430866105	Bacteria	Proteobacteria	Gammaproteobacteria	Burkholderiales_592522	Burkholderiaceae_A_592522	Comamonas_F_589250	Comamonas_F_589250 testosteroni_B_588924
0.004569067856037	Bacteria	Bacteroidota	Bacteroidia	Sphingobacteriales	Sphingobacteriaceae	Pelobium_887411	Pseudopedobacter beijingensis
0.0031831518764963	Bacteria	Actinobacteriota	Actinomycetia	Streptosporangiales	Streptosporangiaceae	Nocardiopsis_A_393323	Nocardiopsis_A_393323 salina
0.0019801327099913	Bacteria	Cyanobacteria	Cyanobacteriia	Cyanobacteriales	Coleofasciculaceae_23353	SIO2C1	SIO2C1 sp010672925
0.0005670964197618	Bacteria	Actinobacteriota	Actinomycetia	Streptomycetales_400645	Streptomycetaceae_400641	Streptomyces_D	Streptomyces_D griseoplanus
0.002841949803116	Bacteria	Armatimonadota	Abditibacteria	Abditibacteriales	Abditibacteriaceae	Abditibacterium	Abditibacterium utsteinense
0.0044939249077265	Bacteria	Bacteroidota	Bacteroidia	Chitinophagales	Chitinophagaceae_966727	Flavisolibacter_B	Flavisolibacter_B ginsengiterrae
0.0012543987026511	Bacteria	Actinobacteriota	Actinomycetia	Propionibacteriales	Nocardioidaceae	Marmoricola_A_392027	Marmoricola_A_392027 aquaticus
0.003523781764429	Bacteria	Actinobacteriota	Actinomycetia	Propionibacteriales	Nocardioidaceae	Marmoricola_A_392027	Marmoricola_A_392027 endophyticus
0.0042079405024536	Bacteria	Proteobacteria	Alphaproteobacteria	Rhizobiales_A_504705	Beijerinckiaceae	Methylocella	Methylocella palustris
0.0034108775553777	Bacteria	Bacteroidota	Bacteroidia	Sphingobacteriales	Sphingobacteriaceae	Mucilaginibacter_A	Mucilaginibacter_A ginkgonis
0.002085498320374	Bacteria	Bacteroidota	Bacteroidia	Sphingobacteriales	Sphingobacteriaceae	Mucilaginibacter_A	Mucilaginibacter_A ximonensis
0.0047083209260363	Bacteria	Patescibacteria	Saccharimonadia	Saccharimonadales	OMJO01	OMJO01	OMJO01 sp900299395
0.0036234274738049	Bacteria	Bacteroidota	Bacteroidia	Cytophagales	Spirosomaceae	Spirosoma	Spirosoma metallilatum
0.0043475142030197	Bacteria	Actinobacteriota	Actinomycetia	Sporichthyales	Sporichthyaceae	Sporichthya	Sporichthya polymorpha
0.0006446425182321	Bacteria	Verrucomicrobiota	Verrucomicrobiae	Chthoniobacterales	Chthoniobacteraceae	VFJQ01	VFJQ01 sp009885995
0.0020185056062336	Bacteria	Bacteroidota	Bacteroidia	Bacteroidales	Marinilabiliaceae	JC017	JC017 sp004296775
0.004448091358473	Bacteria	Firmicutes_D	Bacilli	Bacillales_B_302584	DSM-18226_301387	Neobacillus	Neobacillus niacini_A_295841
0.0019148528038705	Bacteria	Firmicutes_D	Bacilli	Staphylococcales	Staphylococcaceae	Staphylococcus	Staphylococcus arlettae
0.0022189731394914	Bacteria	Firmicutes_A	Clostridia_258483	Tissierellales	Peptoniphilaceae	Finegoldia	Finegoldia magna_H
0.0043005492165643	Bacteria	Firmicutes_D	Bacilli	Lactobacillales	Lactobacillaceae	Lactobacillus	Lactobacillus iners
0.0016394008247826	Bacteria	Proteobacteria	Gammaproteobacteria	Xanthomonadales_616023	UBA2363	Pseudofulvimonas	Pseudofulvimonas gallinarii
0.0036449949388213	Bacteria	Proteobacteria	Gammaproteobacteria	Pseudomonadales_660879	Moraxellaceae	Acinetobacter	Acinetobacter indicus
0.0032540352622152	Bacteria	Bacteroidota	Bacteroidia	Flavobacteriales_877923	Weeksellaceae	Cloacibacterium	Cloacibacterium normanense
0.0046856839885535	Bacteria	Actinobacteriota	Actinomycetia	Jiangellales	Jiangellaceae	Phytoactinopolyspora	Phytoactinopolyspora mesophila
0.0030501463486424	Bacteria	Verrucomicrobiota	Verrucomicrobiae	Verrucomicrobiales	Akkermansiaceae	Akkermansia	Akkermansia muciniphila_D_776786
0.0032661663644558	Bacteria	Bacteroidota	Bacteroidia	Bacteroidales	Rikenellaceae	Alistipes_A_871400	Alistipes_A_871400 sp002362235
0.002303403603361	Bacteria	Bacteroidota	Bacteroidia	Bacteroidales	Bacteroidaceae	Bacteroides_H	Bacteroides_H acidifaciens
0.0037746254999185	Bacteria	Firmicutes_A	Clostridia_258483	Lachnospirales	Lachnospiraceae	CAG-95	CAG-95 sp000403495
0.0028394148267325	Bacteria	Bacteroidota	Bacteroidia	Bacteroidales	Muribaculaceae	Duncaniella	Duncaniella dubosii
0.0026378616253315	Bacteria	Bacteroidota	Bacteroidia	Bacteroidales	Muribaculaceae	Duncaniella	Duncaniella muris
0.004053928424511	Bacteria	Bacteroidota	Bacteroidia	Bacteroidales	Muribaculaceae	Duncaniella	Duncaniella sp001689575
0.0027545590829697	Bacteria	Bacteroidota	Bacteroidia	Bacteroidales	Muribaculaceae	Muribaculum	Muribaculum gordoncarteri
0.0028776623341417	Bacteria	Bacteroidota	Bacteroidia	Bacteroidales	Muribaculaceae	Muribaculum	Muribaculum intestinale
0.0034395116331204	Bacteria	Bacteroidota	Bacteroidia	Bacteroidales	Muribaculaceae	Paramuribaculum	Paramuribaculum intestinale
0.0031307076365758	Bacteria	Bacteroidota	Bacteroidia	Bacteroidales	Muribaculaceae	UBA3263	UBA3263 sp001689615
0.0013839089971718	Bacteria	Actinobacteriota	Actinomycetia	Mycobacteriales	Micromonosporaceae	Stackebrandtia_371036	Stackebrandtia nassauensis
0.0015755206183446	Bacteria	Bacteroidota	Bacteroidia	AKYH767	B-17BO	UBA2475	UBA2475 sp002319075
0.0026867688022031	Bacteria	Bacteroidota	Bacteroidia	Bacteroidales	Bacteroidaceae	Bacteroides_H	Bacteroides_H uniformis
0.0039789292789412	Bacteria	Bacteroidota	Bacteroidia	Bacteroidales	Muribaculaceae	CAG-485	CAG-485 sp002362485
0.003078415074016	Bacteria	Bacteroidota	Bacteroidia	Bacteroidales	Bacteroidaceae	Prevotella	Prevotella sp902776665
0.001979404506747	Bacteria	Actinobacteriota	Rubrobacteria	Rubrobacterales	Rubrobacteraceae	Rubrobacter_A_405431	Rubrobacter_A_405431 indicoceani
0.002718575715198	Bacteria	Firmicutes_A	Clostridia_258483	Lachnospirales	Lachnospiraceae	Kineothrix	Kineothrix sp000403275
0.0035653005982373	Bacteria	Bacteroidota	Bacteroidia	Bacteroidales	Muribaculaceae	Paramuribaculum	Paramuribaculum sp000431155
0.0026849732016742	Bacteria	Proteobacteria	Gammaproteobacteria	Burkholderiales_592522	Burkholderiaceae_A_592522	Comamonas_F_589250	Comamonas_F_589250 koreensis
0.0026325421673769	Bacteria	Bacteroidota	Bacteroidia	Sphingobacteriales	Sphingobacteriaceae	Mucilaginibacter_A	Mucilaginibacter_A agri
0.0035686435428777	Bacteria	Bacteroidota	Bacteroidia	Sphingobacteriales	Sphingobacteriaceae	Mucilaginibacter_A	Mucilaginibacter_A sp003432115
0.0027769781977789	Bacteria	Bacteroidota	Bacteroidia	Bacteroidales	Muribaculaceae	CAG-1031	CAG-1031 sp000431215
0.0043869260527729	Bacteria	Firmicutes_A	Clostridia_258483	Lachnospirales	Lachnospiraceae	COE1	COE1 sp000403335
0.0026182932464483	Bacteria	Bacteroidota	Bacteroidia	Bacteroidales	Muribaculaceae	Paramuribaculum	Paramuribaculum sp900551515
0.0022278869308882	Bacteria	Actinobacteriota	Actinomycetia	Streptomycetales_400645	Streptomycetaceae_400641		
0.0018867041324018	Bacteria	Actinobacteriota	Actinomycetia	Mycobacteriales	Micromonosporaceae	Actinorhabdospora	Actinorhabdospora filicis
0.0036857081918453	Bacteria	Proteobacteria	Gammaproteobacteria	Burkholderiales_592524	Burkholderiaceae_A_580492	Ralstonia	Ralstonia pseudosolanacearum
0.0046825552199782	Bacteria	Actinobacteriota	Actinomycetia	Mycobacteriales	Mycobacteriaceae	Rhodococcus_C_375578	Rhodococcus_C_375578 rhodnii
0.0044896541728134	Bacteria	Proteobacteria	Alphaproteobacteria	Rickettsiales	Anaplasmataceae	Wolbachia	Wolbachia pipientis_A_550493
0.0046132304260418	Bacteria	Actinobacteriota	Actinomycetia	Mycobacteriales	Mycobacteriaceae	Corynebacterium	Corynebacterium glyciniphilum
0.0040555679265784	Bacteria	Proteobacteria	Gammaproteobacteria	Pseudomonadales_660879	Moraxellaceae	Acinetobacter	Acinetobacter baumannii
0.0047487284133825	Bacteria	Proteobacteria	Gammaproteobacteria	Pseudomonadales_660879	Moraxellaceae	Acinetobacter	Acinetobacter johnsonii
0.0011890902208984	Bacteria	Proteobacteria	Gammaproteobacteria	Pseudomonadales_660879	Moraxellaceae	Acinetobacter	Acinetobacter junii
0.0023164801709362	Bacteria	Proteobacteria	Gammaproteobacteria	Pseudomonadales_660879	Moraxellaceae	Acinetobacter	Acinetobacter radioresistens
0.0034540791224709	Bacteria	Proteobacteria	Gammaproteobacteria	Pseudomonadales_660879	Moraxellaceae	Acinetobacter	Acinetobacter schindleri
0.0028008816214786	Bacteria	Proteobacteria	Gammaproteobacteria	Pseudomonadales_660879	Moraxellaceae	Acinetobacter	Acinetobacter soli
0.0028591914813517	Bacteria	Proteobacteria	Gammaproteobacteria	Pseudomonadales_660879	Moraxellaceae	Acinetobacter	Acinetobacter variabilis
0.0007182722902708	Bacteria	Proteobacteria	Alphaproteobacteria	Rhizobiales_A_501396	Rhizobiaceae_A_499470	Aliihoeflea_498503	Aliihoeflea sp000497755
0.0028794263698782	Bacteria	Actinobacteriota	Actinomycetia	Propionibacteriales	Propionibacteriaceae	Auraticoccus	Auraticoccus cholistanensis
0.00308777708477	Bacteria	Bacteroidota	Bacteroidia	Bacteroidales	Bacteroidaceae	Bacteroides_H	Bacteroides_H faecichinchillae
0.0037239411317293	Bacteria	Firmicutes_A	Clostridia_258483	TANB77	CAG-508	CAG-269	CAG-269 sp000431335
0.0028722532462485	Bacteria	Bacteroidota	Bacteroidia	Bacteroidales	Muribaculaceae	CAG-485	CAG-485 sp002493045
0.0027616365361206	Bacteria	Bacteroidota	Bacteroidia	Bacteroidales	Muribaculaceae	CAG-485	CAG-485 sp900547755
0.0046050492392555	Bacteria	Firmicutes_A	Clostridia_258483	Lachnospirales	Lachnospiraceae	Catonella	Catonella morbi
0.0036342928017291	Bacteria	Bacteroidota	Bacteroidia	Bacteroidales	UBA932	Cryptobacteroides	Cryptobacteroides sp900546395
0.0038283818100844	Bacteria	Bacteroidota	Bacteroidia	Bacteroidales	UBA932	Cryptobacteroides	Cryptobacteroides sp902787255
0.0029210392661476	Bacteria	Actinobacteriota	Actinomycetia	Propionibacteriales	Propionibacteriaceae	Cutibacterium	Cutibacterium acnes
0.0019567482727209	Bacteria	Proteobacteria	Alphaproteobacteria	Rhizobiales_A_502138	Devosiaceae	Devosia_A_502124	Devosia_A_502124 aurantiaca
0.0037458611432264	Bacteria	Firmicutes_A	Clostridia_258483	Oscillospirales	Oscillospiraceae_88309	Dysosmobacter	Dysosmobacter sp000403435
0.0031497647642591	Bacteria	Actinobacteriota	Actinomycetia	Nitriliruptorales	Nitriliruptoraceae	Egicoccus	Egicoccus halophilus
0.0050331806497554	Bacteria	Firmicutes_A	Clostridia_258483	Oscillospirales	Oscillospiraceae_88309	Enterenecus	Enterenecus faecium
0.0023635077625668	Bacteria	Bacteroidota	Bacteroidia	Bacteroidales	WCHB1-69	F23-D06	F23-D06 sp900319925
0.002585966796188	Bacteria	Firmicutes_A	Clostridia_258483	Lachnospirales	Lachnospiraceae	Faecalimonas	Faecalimonas phoceensis
0.0036947052283499	Bacteria	Firmicutes_A	Clostridia_258483	Oscillospirales	Oscillospiraceae_88309	Faecousia	Faecousia sp000434635
0.0035221867095699	Bacteria	Proteobacteria	Alphaproteobacteria	Rhizobiales_A_501394	Rhizobiaceae_A_501394	Georhizobium	Georhizobium haloflavum
0.0042578433191334	Bacteria	Actinobacteriota	Actinomycetia	Actinomycetales	Micrococcaceae	Glutamicibacter	Glutamicibacter creatinolyticus
0.0020443017819142	Bacteria	Campylobacterota	Campylobacteria	Campylobacterales	Helicobacteraceae	Helicobacter_D	Helicobacter_D rodentium
0.0045639674024395	Bacteria	Actinobacteriota	Acidimicrobiia_401430	Acidimicrobiales	Iamiaceae	Iamia	Iamia majanohamensis
0.0042860993586326	Bacteria	Proteobacteria	Gammaproteobacteria	Xanthomonadales_616009	Xanthomonadaceae_616009	Luteimonas_C_615545	Luteimonas_C_615545 arsenica
0.0030408688948081	Bacteria	Actinobacteriota	Actinomycetia	Actinomycetales	Dermatophilaceae_390796	Luteipulveratus	Luteipulveratus halotolerans
0.0028725455388451	Bacteria	Verrucomicrobiota	Verrucomicrobiae	Verrucomicrobiales	Akkermansiaceae	Luteolibacter_776538	Luteolibacter pohnpeiensis
0.0031483609540137	Bacteria	Desulfobacterota_I	Desulfovibrionia	Desulfovibrionales	Desulfovibrionaceae	Mailhella	Mailhella massiliensis
0.0019473848792312	Bacteria	Actinobacteriota	Actinomycetia	Propionibacteriales	Propionibacteriaceae	Microlunatus_A_391024	Microlunatus_A_391024 elymi
0.0010939726198925	Bacteria	Proteobacteria	Gammaproteobacteria	Pseudomonadales_660879	Moraxellaceae	Moraxella_C_651924	Moraxella_C_651924 porci
0.0023267647864076	Bacteria	Bacteroidota	Bacteroidia	Sphingobacteriales	Sphingobacteriaceae	Mucilaginibacter_A	Mucilaginibacter_A defluvii
0.0033151822109016	Bacteria	Deferribacterota	Deferribacteres	Deferribacterales	Mucispirillaceae	Mucispirillum	Mucispirillum schaedleri
0.0026414437575848	Bacteria	Bacteroidota	Bacteroidia	Flavobacteriales_877923	Flavobacteriaceae	Flavobacterium	Myroides odoratus
0.0036763338960907	Bacteria	Patescibacteria	Saccharimonadia	Saccharimonadales	Nanosyncoccaceae	Nanosyncoccus	Nanosyncoccus sp902761145
0.0031167211864287	Bacteria	Planctomycetota	Planctomycetia	Pirellulales	PALSA-1355	PALSA-1355	PALSA-1355 sp003153375
0.0027646436415247	Bacteria	Proteobacteria	Alphaproteobacteria	Sphingomonadales	Sphingomonadaceae	Pacificimonas	Pacificimonas flava_483082
0.0045642224013296	Bacteria	Bacteroidota	Bacteroidia	Bacteroidales	Tannerellaceae	Parabacteroides_B_862066	Parabacteroides_B_862066 johnsonii
0.0026223812914437	Bacteria	Firmicutes_A	Clostridia_258483	Christensenellales	CAG-138	PeH17	PeH17 sp900542285
0.0023167182174807	Bacteria	Bacteroidota	Bacteroidia	Bacteroidales	Bacteroidaceae	Phocaeicola_A_858004	Phocaeicola_A_858004 vulgatus
0.0033268829591633	Bacteria	Bacteroidota	Bacteroidia	Bacteroidales	Bacteroidaceae	Prevotella	Prevotella ruminicola
0.0025263680182822	Bacteria	Actinobacteriota	Actinomycetia	Mycobacteriales	Pseudonocardiaceae	Pseudonocardia	Pseudonocardia spinosa
0.002485599418301	Bacteria	Proteobacteria	Gammaproteobacteria	Pseudomonadales_660879	Moraxellaceae	Psychrobacter	Psychrobacter faecalis
0.0037551299784539	Bacteria	Bacteroidota	Bacteroidia	Bacteroidales	Paludibacteraceae	RF16	RF16 sp002452095
0.0048020227994695	Bacteria	Firmicutes_A	Clostridia_258483	Oscillospirales	Acutalibacteraceae	RUG420	RUG420 sp900317085
0.0024174379760953	Bacteria	Proteobacteria	Gammaproteobacteria	Nevskiales	Salinisphaeraceae	Salinisphaera	Salinisphaera shabanensis
0.0027629074919565	Bacteria	Bacteroidota	Bacteroidia	Sphingobacteriales	Sphingobacteriaceae	Sphingobacterium	Sphingobacterium jejuense
0.0045659993453354	Bacteria	Bacteroidota	Bacteroidia	Cytophagales	Spirosomaceae	Spirosoma	Spirosoma oryzae
0.0040461486480347	Bacteria	Elusimicrobiota	Elusimicrobia_984208	Elusimicrobiales	Elusimicrobiaceae	UBA1174	UBA1174 sp902791965
0.0037906589250879	Bacteria	Firmicutes_A	Clostridia_258483	Oscillospirales	Acutalibacteraceae	UBA5905	UBA5905 sp002437905
0.0031749508173054	Bacteria	Firmicutes_A	Clostridia_258483	Oscillospirales	Acutalibacteraceae	UBA6857	UBA6857 sp902792985
0.0032128539059775	Bacteria	Bacteroidota	Bacteroidia	Bacteroidales	Muribaculaceae	UBA7173	UBA7173 sp004102805
0.0031859414993702	Bacteria	Bacteroidota	Bacteroidia	Bacteroidales	Muribaculaceae	UBA7173	UBA7173 sp900540205
0.0019895510883626	Bacteria	Firmicutes_A	Clostridia_258483	Oscillospirales	Acutalibacteraceae	UBA737	UBA737 sp900547445
0.0032725567568535	Bacteria	Actinobacteriota	Coriobacteriia	Coriobacteriales	Eggerthellaceae	UBA9715	UBA9715 sp902788545
0.0034085413761833	Bacteria	Firmicutes_A	Clostridia_258483	TANB77	CAG-508	UMGS1994	UMGS1994 sp900553945
0.0049051158469585	Bacteria	Actinobacteriota	Thermoleophilia	Solirubrobacterales	70-9	67-14	67-14 sp001897355
0.0039921980444505	Bacteria	Armatimonadota	Armatimonadia	Armatimonadales	Armatimonadaceae	Armatimonas	Armatimonas rosea
0.0029183317805306	Bacteria	Firmicutes_A	Clostridia_258483	Christensenellales	CAG-314	CAG-314	CAG-314 sp900551395
0.004451283637478	Bacteria	Firmicutes_A	Clostridia_258483	Clostridiales	Clostridiaceae_222000	Clostridium_T	Clostridium_T chartatabidum
0.0038962910212331	Bacteria	Proteobacteria	Alphaproteobacteria	ATCC43930_507253	Stellaceae_507253	Constrictibacter	Constrictibacter antarcticus
0.0050273550449311	Bacteria	Firmicutes_A	Clostridia_258483	Peptostreptococcales	Anaerovoracaceae	Copromorpha	Copromorpha sp900066305
0.0035641248776356	Bacteria	Firmicutes_A	Clostridia_258483	Oscillospirales	Acutalibacteraceae	Eubacterium_R	Eubacterium_R faecavium
0.0031262514154186	Bacteria	Bacteroidota	Bacteroidia	Chitinophagales	Chitinophagaceae_929731	Flavipsychrobacter_929086	Flavipsychrobacter sp902168085
0.0022223618855439	Bacteria	Bacteroidota	Bacteroidia	Cytophagales	Hymenobacteraceae	Hymenobacter_910554	Hymenobacter flocculans
0.0029714126736404	Bacteria	Gemmatimonadota	Gemmatimonadetes	Longimicrobiales	Longimicrobiaceae	Longimicrobium	Longimicrobium terrae
0.0041197772175632	Bacteria	Actinobacteriota	Actinomycetia	Propionibacteriales	Propionibacteriaceae	Microlunatus_A_391019	Microlunatus_A endophyticus
0.0021450836314073	Bacteria	Actinobacteriota	Actinomycetia	Propionibacteriales	Propionibacteriaceae	Microlunatus_A_391024	Microlunatus_A_391024 soli
0.0042519070457176	Bacteria	Actinobacteriota	Actinomycetia	Propionibacteriales	Propionibacteriaceae	Microlunatus_B	Microlunatus_B parietis
0.0019337160165026	Bacteria	Bacteroidota	Bacteroidia	Sphingobacteriales	Sphingobacteriaceae	Mucilaginibacter_A	Mucilaginibacter_A auburnensis
0.0036408262386741	Bacteria	Actinobacteriota	Actinomycetia	Mycobacteriales	Nakamurellaceae	Nakamurella	Nakamurella lactea
0.0039237219454526	Bacteria	Actinobacteriota	Actinomycetia	Propionibacteriales	Nocardioidaceae	Nocardioides_A_392796	Nocardioides_A_392796 marinquilinus
0.0022880500461792	Bacteria	Bdellovibrionota_E	Oligoflexia	Oligoflexales	Oligoflexaceae	Oligoflexus	Oligoflexus tunisiensis
0.002937463448293	Bacteria	Planctomycetota	Planctomycetia	Isosphaerales	Isosphaeraceae	Paludisphaera	Paludisphaera sp001610895
0.0020742866207193	Bacteria	Bacteroidota	Bacteroidia	Bacteroidales	Tannerellaceae	Parabacteroides_B_862066	Parabacteroides_B_862066 distasonis
0.0033114345092729	Bacteria	Verrucomicrobiota	Verrucomicrobiae	Verrucomicrobiales	Verrucomicrobiaceae	Phragmitibacter	Phragmitibacter flavus
0.0028622923093271	Bacteria	Chloroflexota	Dehalococcoidia	Tepidiformales	Tepidiformaceae	SLAK01	SLAK01 sp007126855
0.0035970734984471	Bacteria	Proteobacteria	Alphaproteobacteria	Sphingomonadales	Sphingomonadaceae	Sphingobium_A_485959	Sphingobium_A_485959 yanoikuyae
0.0037640267428598	Bacteria	Bacteroidota	Bacteroidia	Cytophagales	Spirosomaceae	Spirosoma	Spirosoma koreense
0.0049024025298799	Bacteria	Acidobacteriota	Acidobacteriae	Acidobacteriales	SbA1	Sulfotelmatobacter	Sulfotelmatobacter sp003166855
0.0027686705027583	Bacteria	Patescibacteria	Saccharimonadia	Saccharimonadales	UBA1020	UBA1020	UBA1020 sp002348615
0.0035855641353551	Bacteria	Bacteroidota	Bacteroidia	Bacteroidales	Muribaculaceae	UBA7173	UBA7173 sp002491305
0.0036761486509133	Bacteria	Actinobacteriota	Actinomycetia	Mycobacteriales	Mycobacteriaceae	Williamsia_B	Williamsia_B sterculiae
0.0026260923723726	Bacteria	Verrucomicrobiota	Verrucomicrobiae	Chthoniobacterales	Xiphinematobacteraceae	Xiphinematobacter	Xiphinematobacter sp001318295
0.0026160143232311	Bacteria	Firmicutes_A	Clostridia_258483	Lachnospirales	Lachnospiraceae	Agathobacter_164119	Agathobacter ruminis
0.0047627871672534	Bacteria	Bacteroidota	Bacteroidia	Bacteroidales	Bacteroidaceae	Alloprevotella	Alloprevotella sp002933955
0.0033933848978322	Bacteria	Firmicutes_A	Clostridia_258483	Tissierellales	Peptoniphilaceae	Anaerococcus	Anaerococcus nagyae
0.0016826404401138	Bacteria	Bacteroidota	Bacteroidia	Bacteroidales	Bacteroidaceae	Bacteroides_H	Bacteroides_H ndongoniae
0.0036551421861733	Bacteria	Acidobacteriota	Blastocatellia	Pyrinomonadales	Blastocatellaceae_430966	Blastocatella	Blastocatella fastidiosa
0.0048894726331058	Bacteria	Actinobacteriota	Actinomycetia	Mycobacteriales	Mycobacteriaceae	Corynebacterium	Corynebacterium kroppenstedtii
0.0019863354091731	Bacteria	Firmicutes_A	Clostridia_258483	Peptostreptococcales	Anaerovoracaceae	Emergencia	Emergencia sp009935805
0.0007769099389657	Bacteria	Patescibacteria	Saccharimonadia	Saccharimonadales	UBA4665	GCA-2746885	GCA-2746885 sp002746885
0.0033827804974235	Bacteria	Verrucomicrobiota	Verrucomicrobiae	Verrucomicrobiales	Akkermansiaceae	Luteolibacter_776538	Luteolibacter gellanilyticus
0.003322720381275	Bacteria	Bacteroidota	Bacteroidia	Chitinophagales	Saprospiraceae	OLB9	OLB9 sp001567255
0.0016753302749217	Bacteria	Actinobacteriota	Coriobacteriia	Coriobacteriales	Eggerthellaceae	UBA9715	UBA9715 sp902781245
0.00341856900525	Bacteria	Firmicutes_A	Clostridia_258483	Oscillospirales	Ruminococcaceae	Angelakisella	Angelakisella massiliensis
0.0013076552769941	Bacteria	Bacteroidota	Bacteroidia	Chitinophagales	Chitinophagaceae_966727	Arachidicoccus	Arachidicoccus rhizosphaerae
0.0040582427357156	Bacteria	Bacteroidota	Bacteroidia	Bacteroidales	Muribaculaceae	Duncaniella	Duncaniella freteri
0.0029792117906778	Bacteria	Bacteroidota	Bacteroidia	Flavobacteriales_877923	Flavobacteriaceae	Flavobacterium	Flavobacterium sp012911565
0.0040309057162611	Bacteria	Proteobacteria	Gammaproteobacteria	Xanthomonadales_613062	Rhodanobacteraceae_613062	Luteibacter	Luteibacter yeojuensis_A
0.0016848340337827	Bacteria	Bacteroidota	Bacteroidia	Sphingobacteriales	Sphingobacteriaceae	Mucilaginibacter_A	Mucilaginibacter_A koreensis
0.002274877429687	Bacteria	Proteobacteria	Alphaproteobacteria	Caulobacterales	Caulobacteraceae	PMMR1	PMMR1 sp000733915
0.0018136371911917	Bacteria	Bacteroidota	Bacteroidia	Chitinophagales	Chitinophagaceae_966727	Parafilimonas	Parafilimonas rhizosphaerae
0.0028659583383203	Bacteria	Actinobacteriota	Thermoleophilia	Solirubrobacterales	Solirubrobacteraceae_405335	Patulibacter	Patulibacter minatonensis
0.0024722024409546	Bacteria	Verrucomicrobiota	Kiritimatiellae_777934	RFP12	UBA1067	UBA1067	UBA1067 sp002449695
0.0039089846025726	Bacteria	Actinobacteriota	Thermoleophilia	Solirubrobacterales	70-9	VAYN01	VAYN01 sp005885405
0.0017839071995984	Bacteria	Firmicutes_A	Clostridia_258483	Lachnospirales	Lachnospiraceae	14-2	14-2 sp000403255
0.0040371690157569	Bacteria	Firmicutes_A	Clostridia_258483	Lachnospirales	Lachnospiraceae	Acetatifactor	Acetatifactor sp011959105
0.0017581485060793	Bacteria	Proteobacteria	Alphaproteobacteria	Rhizobiales_A_501492	Rhizobiaceae_A_501492	Aureimonas_A_501492	Aureimonas_A_501492 leprariae
0.0020328117780521	Bacteria	Bacteroidota	Bacteroidia	Bacteroidales	Bacteroidaceae	Bacteroides_H	Bacteroides_H rodentium
0.0036160699184881	Bacteria	Bacteroidota	Bacteroidia	Bacteroidales	Bacteroidaceae	Bacteroides_H	Bacteroides_H thetaiotaomicron
0.002174643903166	Bacteria	Fusobacteriota	Fusobacteriia	Fusobacteriales_993521	Fusobacteriaceae_993521	Fusobacterium_C	Fusobacterium_C russii
0.0024896840312665	Bacteria	Firmicutes_A	Clostridia_258483	Oscillospirales	Oscillospiraceae_88309	Lawsonibacter	Lawsonibacter butyricus
0.0012215413498506	Bacteria	Proteobacteria	Alphaproteobacteria	Rhizobiales_A_504705	Beijerinckiaceae	Lichenihabitans	Lichenihabitans minor
0.005122547648373	Bacteria	Proteobacteria	Alphaproteobacteria	Rhizobiales_A_504705	Beijerinckiaceae	Lichenihabitans	Lichenihabitans ramalinae
0.0029991358106404	Bacteria	Firmicutes_A	Clostridia_258483	Lachnospirales	Lachnospiraceae	Merdisoma	Merdisoma sp011959465
0.0024964419138858	Bacteria	Proteobacteria	Alphaproteobacteria	Rhizobiales_A_504705	Beijerinckiaceae	Methylobacterium	Methylobacterium aerolatum
0.0023243594458136	Bacteria	Proteobacteria	Alphaproteobacteria	Rhizobiales_A_504705	Beijerinckiaceae	Methylobacterium	Methylobacterium komagatae
0.0026670865464851	Bacteria	Patescibacteria	Saccharimonadia	Saccharimonadales	Nanosyncoccaceae	Nanosyncoccus	Nanosyncoccus sp003979185
0.004656110057117	Bacteria	Proteobacteria	Alphaproteobacteria	Sphingomonadales	Sphingomonadaceae	Novosphingobium_485351	Novosphingobium rosa
0.0038072817134452	Bacteria	Bacteroidota	Bacteroidia	Bacteroidales	Tannerellaceae	Parabacteroides_B_862066	Parabacteroides_B_862066 goldsteinii
0.0040913759280454	Bacteria	Proteobacteria	Alphaproteobacteria	Sphingomonadales	Sphingomonadaceae	Sphingobium_A_485959	Sphingobium_A_485959 rhizovicinum
0.0035272488205777	Bacteria	Proteobacteria	Alphaproteobacteria	Sphingomonadales	Sphingomonadaceae	Sphingomonas_N	Sphingomonas_N chungangi
0.0035327499603764	Bacteria	Firmicutes_D	Bacilli	Lactobacillales	Streptococcaceae	Streptococcus	Streptococcus azizii
0.0031638242139842	Bacteria	Planctomycetota	Phycisphaerae	Tepidisphaerales	Tepidisphaeraceae	Tepidisphaera	Tepidisphaera mucosa
0.0037456015649772	Bacteria	Bacteroidota	Bacteroidia	Bacteroidales	UBA11471	UBA11471	UBA11471 sp000434215
0.002745681412523	Bacteria	Bacteroidota	Bacteroidia	Chitinophagales	Chitinophagaceae_966727	Ilyomonas	Ilyomonas limi
0.0025923608135626	Bacteria	Verrucomicrobiota	Verrucomicrobiae	Chthoniobacterales	UBA10450	Palsa-1392	Palsa-1392 sp003169975
0.0027967200572395	Bacteria	Actinobacteriota	Actinomycetia	Euzebyales	Egibacteraceae	WHTC01	WHTC01 sp009379795
0.004382124961277	Bacteria	Proteobacteria	Alphaproteobacteria	Rhizobiales_A_504723	Aestuariivirgaceae	Aestuariivirga	Aestuariivirga litoralis
0.0046625069533938	Bacteria	Planctomycetota	Planctomycetia	Planctomycetales	Planctomycetaceae	Alienimonas	Alienimonas chondri
0.0022157064593374	Bacteria	Proteobacteria	Alphaproteobacteria	Caulobacterales	Caulobacteraceae	Brevundimonas	Brevundimonas lutea
0.0039081105122127	Bacteria	Firmicutes_A	Clostridia_258483	Lachnospirales	Defluviitaleaceae	Defluviitalea_A	Defluviitalea_A phaphyphila
0.0022544421157716	Bacteria	Proteobacteria	Alphaproteobacteria	Rhizobiales_A_502138	Devosiaceae	Devosia_A_501803	Devosia_A_501803 humi
0.0030976572007526	Bacteria	Sumerlaeota	Sumerlaeia	Sumerlaeales	Sumerlaeaceae	HGW-BRC1-1	HGW-BRC1-1 sp002842095
0.0044748148476479	Bacteria	Gemmatimonadota	Gemmatimonadetes	Gemmatimonadales	Gemmatimonadaceae	JAABRT01	JAABRT01 sp011390935
0.002815602058501	Bacteria	Proteobacteria	Alphaproteobacteria	Rhizobiales_A_501396	Rhizobiaceae_A_499470	Mesorhizobium_F_498388	Mesorhizobium_F_498388 terrae
0.0024777403354371	Bacteria	Bacteroidota	Bacteroidia	Sphingobacteriales	Sphingobacteriaceae	Mucilaginibacter_A	Mucilaginibacter_A celer
0.002291172245063	Bacteria	Bacteroidota	Bacteroidia	Sphingobacteriales	Sphingobacteriaceae	Mucilaginibacter_A	Mucilaginibacter_A herbaticus
0.0038920432110312	Bacteria	Planctomycetota	Planctomycetia	Pan216	Pan216	Pan216	Pan216 sp007748055
0.0048033883187605	Bacteria	Proteobacteria	Alphaproteobacteria	Caulobacterales	Caulobacteraceae	Phenylobacterium	Phenylobacterium soli
0.0016773400222007	Bacteria	Planctomycetota	Planctomycetia	Planctomycetales	Planctomycetaceae	Planctomicrobium	Planctomicrobium piriforme
0.0036774803484177	Bacteria	Proteobacteria	Alphaproteobacteria	Rhizobiales_A_504705	Xanthobacteraceae_503485	Pseudolabrys_502538	Pseudolabrys sp001426945
0.0037754472271758	Bacteria	Bacteroidota	Bacteroidia	Bacteroidales	WCHB1-69	RUG11690	RUG11690 sp902771655
0.0036764678789671	Bacteria	Bdellovibrionota_E	Bdellovibrionia_A_473294	Bdellovibrionales	SG-bin7	SG-bin7	SG-bin7 sp002083485
0.0039961686218307	Bacteria	Verrucomicrobiota	Verrucomicrobiae	Chthoniobacterales	Terrimicrobiaceae	Terrimicrobium	Terrimicrobium sacchariphilum
0.0032675329178148	Bacteria	Planctomycetota	Planctomycetia	Isosphaerales	Isosphaeraceae	Tundrisphaera	Tundrisphaera lichenicola
0.0048823176276856	Bacteria	Dependentiae	Babeliae	Babeliales	Vermiphilaceae	Vermiphilus	Vermiphilus pyriformis
0.0025030945735616	Bacteria	Proteobacteria	Gammaproteobacteria	Steroidobacterales	Steroidobacteraceae	ZC4RG30	ZC4RG30 sp003242275
0.0025115534168164	Bacteria	Proteobacteria	Alphaproteobacteria	Rhizobiales_A_502138	Devosiaceae	Devosia_A_502124	Devosia_A_502124 submarina
0.0034719285713795	Bacteria	Actinobacteriota	Actinomycetia	Mycobacteriales	Jatrophihabitantaceae	Jatrophihabitans_372606	Jatrophihabitans soli
0.0038340478700797	Bacteria	Bacteroidota	Bacteroidia	Sphingobacteriales	Sphingobacteriaceae	Mucilaginibacter_A	Mucilaginibacter_A arboris
0.0041173704030821	Bacteria	Bacteroidota	Bacteroidia	Sphingobacteriales	Sphingobacteriaceae	Sphingobacterium	Sphingobacterium phlebotomi
0.0032150459008132	Bacteria	Patescibacteria	Paceibacteria	UBA9983_A	PALSA-1337	C7867-002	C7867-002 sp001821055
0.0024700455248638	Bacteria	Proteobacteria	Alphaproteobacteria	Sphingomonadales	Sphingomonadaceae	Allosphingosinicella	Allosphingosinicella ginsenosidimutans
0.004344659292577	Bacteria	Bacteroidota	Bacteroidia	Bacteroidales	Muribaculaceae	CAG-873	CAG-873 sp011959565
0.0028047754309036	Bacteria	Proteobacteria	Alphaproteobacteria	Rhizobiales_A_504705	Beijerinckiaceae	Enterovirga	Enterovirga rhinocerotis
0.0046336856691327	Bacteria	Proteobacteria	Alphaproteobacteria	Rhizobiales_A_501394	Rhizobiaceae_A_501394	Pararhizobium_B	Pararhizobium_B mangrovi
0.0038380200044149	Bacteria	Proteobacteria	Gammaproteobacteria	Nevskiales	Salinisphaeraceae	Salinisphaera	Salinisphaera hydrothermalis
0.0045723158303667	Bacteria	Firmicutes_A	Clostridia_258483	Lachnospirales	Lachnospiraceae	UBA3282	UBA3282 sp003611805
0.0032460102064132	Bacteria	Planctomycetota	Planctomycetia	Gemmatales	Gemmataceae	Urbifossiella	Urbifossiella sp003136315
0.0044730269509558	Bacteria	Firmicutes_A	Clostridia_258483	Oscillospirales	Acutalibacteraceae	Acutalibacter	Acutalibacter sp009936055
0.0046813858103626	Bacteria	Firmicutes_A	Clostridia_258483	Oscillospirales	Acutalibacteraceae	Acutalibacter	Acutalibacter timonensis
0.0028713874045092	Bacteria	Actinobacteriota	Coriobacteriia	Coriobacteriales	Eggerthellaceae	Adlercreutzia_404257	Adlercreutzia equolifaciens
0.0044396793153206	Bacteria	Firmicutes_A	Clostridia_258483	Oscillospirales	Ruminococcaceae	Anaerotruncus	Anaerotruncus sp000403395
0.0029967486827814	Bacteria	Firmicutes_A	Clostridia_258483	Oscillospirales	CAG-272	Avispirillum	Avispirillum sp011957885
0.0036855826338001	Bacteria	Firmicutes_A	Clostridia_258483	TANB77	CAG-508	CAG-273	CAG-273 sp003507395
0.0041608259822581	Bacteria	Bacteroidota	Bacteroidia	Bacteroidales	Muribaculaceae	CAG-873	CAG-873 sp004553485
0.0048735553353166	Bacteria	Bacteroidota	Bacteroidia	Bacteroidales	UBA932	Cryptobacteroides	Cryptobacteroides sp902789245
0.0026575550249118	Bacteria	Firmicutes_A	Clostridia_258483	Oscillospirales	Oscillospiraceae_88309	Enterenecus	Enterenecus sp004560375
0.0050515500206815	Bacteria	Firmicutes_A	Clostridia_258483	Lachnospirales	Lachnospiraceae	Eubacterium_F	Eubacterium_F sp000687695
0.0031457071464159	Bacteria	Firmicutes_A	Clostridia_258483	Lachnospirales	Lachnospiraceae	Eubacterium_J	Eubacterium_J plexicaudatum
0.0039321902237553	Bacteria	Firmicutes_D	Bacilli	Lactobacillales	Lactobacillaceae	Lactobacillus	Lactobacillus intestinalis
0.0022382287452463	Bacteria	Proteobacteria	Gammaproteobacteria	Burkholderiales_595427	Burkholderiaceae_A_595427	Parasutterella	Parasutterella excrementihominis
0.0019417474807983	Bacteria	Bacteroidota	Bacteroidia	Bacteroidales	Bacteroidaceae	Prevotella	Prevotella brevis
0.0035138732459295	Bacteria	Proteobacteria	Alphaproteobacteria	RUG11792	RUG11792	RUG11420	RUG11420 sp902798535
0.0027737393616434	Bacteria	Proteobacteria	Alphaproteobacteria	Sphingomonadales	Sphingomonadaceae	Sphingomonas_N	Sphingomonas_N polyaromaticivorans
0.0043476597528698	Bacteria	Bacteroidota	Bacteroidia	Bacteroidales	P3	UBA1711	UBA1711 sp902775135
0.004421644029967	Bacteria	Firmicutes_A	Clostridia_258483	Oscillospirales	Oscillospiraceae_88309	UBA2658	UBA2658 sp009929315
0.0037407528034336	Bacteria	Firmicutes_D	Bacilli	RF39	UBA660	UBA6985	UBA6985 sp900314465
0.0034290268126802	Bacteria	Actinobacteriota	Actinomycetia	Mycobacteriales	Pseudonocardiaceae	Amycolatopsis_D_380830	Amycolatopsis_D_380830 xylanica
0.0037522559705398	Bacteria	Firmicutes_D	Bacilli	Staphylococcales	Staphylococcaceae	Mammaliicoccus_319276	Mammaliicoccus fleurettii
0.0039417354511409	Bacteria	Planctomycetota	Phycisphaerae	Tepidisphaerales	Tepidisphaeraceae	UBA2421	UBA2421 sp002343075
0.0024179154149768	Bacteria	Firmicutes_A	Clostridia_258483	Lachnospirales	Lachnospiraceae	1XD42-69	1XD42-69 sp003612565
0.0016537213218766	Bacteria	Proteobacteria	Alphaproteobacteria	Rhizobiales_A_501550	Rhizobiaceae_A_501550	Aureimonas_A_501505	Aureimonas_A_501505 altamirensis
0.0047321709237268	Bacteria	Firmicutes_A	Clostridia_258483	Lachnospirales	Lachnospiraceae	CAG-317_143701	CAG-317 sp011960265
0.0030121248231794	Bacteria	Firmicutes_A	Clostridia_258483	TANB77	CAG-508	CAG-793	CAG-793 sp000433915
0.0022774978239529	Bacteria	Firmicutes_A	Clostridia_258483	Peptostreptococcales	Peptostreptococcaceae_256921	CCUG-7971	CCUG-7971 spG000499525
0.0019590302333704	Bacteria	Firmicutes_A	Clostridia_258483	Lachnospirales	Lachnospiraceae	Choladousia	Choladousia sp003612585
0.001431446938243	Bacteria	Firmicutes_D	Bacilli	Erysipelotrichales	Erysipelotrichaceae	Faecalibaculum	Faecalibaculum rodentium
0.0017924554744359	Bacteria	Verrucomicrobiota	Kiritimatiellae_777934	RFP12	UBA1067	UBA1067	UBA1067 sp004551905
0.0021714308494508	Bacteria	Firmicutes_A	Clostridia_258483	Lachnospirales	Lachnospiraceae	UBA1258	UBA1258 sp900100895
0.0039008221666681	Bacteria	Bacteroidota	Bacteroidia	Bacteroidales	Dysgonomonadaceae	Proteiniphilum	Proteiniphilum sp002410345
0.0046324067610171	Bacteria	Firmicutes_A	Clostridia_258483	Oscillospirales	Oscillospiraceae_88309	Limivicinus	Limivicinus sp002320035
